{"cameraMode":{"drawMode":0,"name":"Shaded","section":"Shading Mode"},"sceneLighting":true,"audioPlay":false,"sceneViewState":{"m_AlwaysRefresh":false,"showFog":true,"showSkybox":true,"showFlares":true,"showImageEffects":true,"showParticleSystems":true,"showVisualEffectGraphs":true,"m_FxEnabled":true},"in2DMode":false,"pivot":{"x":-0.36864301562309267,"y":3.621969699859619,"z":2.0799789428710939},"rotation":{"x":-0.2133917510509491,"y":-0.04216805845499039,"z":0.009035722352564335,"w":-0.9760873317718506},"size":1.9348437786102296,"orthographic":false}